"name","slug","aliases","category","kind","overview","mechanism_of_action","research_applications","dose_range","common_cycle_length","break_before_continuing","administration_notes","administration","half_life","fda_status","development_stage","keywords","pubmed_query","reference_1_title","reference_1_journal","reference_1_year","reference_1_url","reference_2_title","reference_2_journal","reference_2_year","reference_2_url","reference_3_title","reference_3_journal","reference_3_year","reference_3_url","notes_to_developer","content_status"
"5 Amino 1 MQ","5-amino-1-mq","","Metabolic","peptide","","","","","","","","","","","","5 Amino 1 MQ|Metabolic|peptide","5 Amino 1 MQ","","","","","","","","","","","","","Missing on current site. Needs primary-source research fill.","needs_online_research"
"ACTH","acth","","Nootropic & Neuropeptide","peptide","","","","","","","","","","","","ACTH|Nootropic & Neuropeptide|peptide","ACTH","","","","","","","","","","","","","Missing on current site. Needs primary-source research fill.","needs_online_research"
"Adamax","adamax","","Nootropic & Neuropeptide","peptide","","","","","","","","","","","","Adamax|Nootropic & Neuropeptide|peptide","Adamax","","","","","","","","","","","","","Missing on current site. Needs primary-source research fill.","needs_online_research"
"AOD-9604","aod-9604","Anti-Obesity Drug 9604|hGH Fragment 176-191","Metabolic","peptide","Modified fragment of hGH (amino acids 176-191) that retains lipolytic activity without the diabetogenic or growth-promoting effects of full-length GH.","Modified fragment of hGH (amino acids 176-191) that retains lipolytic activity without the diabetogenic or growth-promoting effects of full-length GH. Stimulates lipolysis and inhibits lipogenesis via beta-3 adrenergic pathways.","","250â€“500 mcg/day","Varies by research protocol","Protocol-dependent","Subcutaneous injection, oral","Subcutaneous injection, oral","~30 minutes","Research only / status to be verified","Content pending researcher verification","Anti-Obesity Drug 9604|hGH Fragment 176-191|AOD-9604|Metabolic","AOD-9604","","","","","","","","","","","","","Prefilled from current site catalog. Review cycle, break, and regulatory wording.","prefilled_from_site"
"ARA-290","ara-290","Cibinetide|Erythropoietin-derived peptide","Immune Modulation","peptide","Engineered 11-amino acid peptide derived from helix B of erythropoietin.","Engineered 11-amino acid peptide derived from helix B of erythropoietin. Selectively activates the innate repair receptor (EPOR/Î²cR heterodimer) without erythropoietic activity. Anti-inflammatory, tissue-protective, and promotes Schwann cell-mediated nerve repair.","","4 mg IV or SC (clinical trials)","Varies by research protocol","Protocol-dependent","Intravenous, subcutaneous injection","Intravenous, subcutaneous injection","~11 minutes","Research only / status to be verified","Content pending researcher verification","Cibinetide|Erythropoietin-derived peptide|ARA-290|Immune Modulation","ARA-290","","","","","","","","","","","","","Prefilled from current site catalog. Review cycle, break, and regulatory wording.","prefilled_from_site"
"Bonomarlot","bonomarlot","","Bioregulator Peptide","bioregulator","","","","","","","","","","","","Bonomarlot|Bioregulator Peptide|bioregulator","Bonomarlot","","","","","","","","","","","","","Missing on current site. Needs primary-source research fill.","needs_online_research"
"Bonothyrk","bonothyrk","","Bioregulator Peptide","bioregulator","","","","","","","","","","","","Bonothyrk|Bioregulator Peptide|bioregulator","Bonothyrk","","","","","","","","","","","","","Missing on current site. Needs primary-source research fill.","needs_online_research"
"BPC-157","bpc-157","Body Protection Compound 157|Bepecin","Healing & Recovery","peptide","Synthetic pentadecapeptide derived from gastric juice protective protein.","Synthetic pentadecapeptide derived from gastric juice protective protein. Promotes angiogenesis, modulates nitric oxide system, upregulates growth factor receptors, and accelerates tendon-to-bone healing via FAK-paxillin pathway activation.","","200â€“500 mcg/day","Varies by research protocol","Protocol-dependent","Subcutaneous injection, oral","Subcutaneous injection, oral","4â€“6 hours","Research only / status to be verified","Content pending researcher verification","Body Protection Compound 157|Bepecin|BPC-157|Healing & Recovery","BPC-157","","","","","","","","","","","","","Prefilled from current site catalog. Review cycle, break, and regulatory wording.","prefilled_from_site"
"Bronchogen","bronchogen","","Bioregulator Peptide","bioregulator","","","","","","","","","","","","Bronchogen|Bioregulator Peptide|bioregulator","Bronchogen","","","","","","","","","","","","","Missing on current site. Needs primary-source research fill.","needs_online_research"
"Cagrilintide","cagrilintide","","Metabolic","peptide","","","","","","","","","","","","Cagrilintide|Metabolic|peptide","Cagrilintide","","","","","","","","","","","","","Missing on current site. Needs primary-source research fill.","needs_online_research"
"Calcitonin","calcitonin","","Metabolic","peptide","","","","","","","","","","","","Calcitonin|Metabolic|peptide","Calcitonin","","","","","","","","","","","","","Missing on current site. Needs primary-source research fill.","needs_online_research"
"Cardigen","cardigen","","Bioregulator Peptide","bioregulator","","","","","","","","","","","","Cardigen|Bioregulator Peptide|bioregulator","Cardigen","","","","","","","","","","","","","Missing on current site. Needs primary-source research fill.","needs_online_research"
"Cartalax","cartalax","AED Tripeptide|Ala-Glu-Asp","Bioregulator Peptide","bioregulator","Synthetic tripeptide bioregulator targeting cartilage and musculoskeletal tissue.","Synthetic tripeptide bioregulator targeting cartilage and musculoskeletal tissue. Modulates chondrocyte gene expression, supports cartilage matrix synthesis, and regulates musculoskeletal aging processes.","","10â€“20 mcg/day","Varies by research protocol","Protocol-dependent","Oral, sublingual","Oral, sublingual","Short (tripeptide)","Research only / status to be verified","Content pending researcher verification","AED Tripeptide|Ala-Glu-Asp|Cartalax|Bioregulator Peptide","Cartalax","","","","","","","","","","","","","Prefilled from current site catalog. Review cycle, break, and regulatory wording.","prefilled_from_site"
"Cerebrolysin","cerebrolysin","","Bioregulator Peptide","bioregulator","","","","","","","","","","","","Cerebrolysin|Bioregulator Peptide|bioregulator","Cerebrolysin","","","","","","","","","","","","","Missing on current site. Needs primary-source research fill.","needs_online_research"
"Cerluten","cerluten","","Bioregulator Peptide","bioregulator","","","","","","","","","","","","Cerluten|Bioregulator Peptide|bioregulator","Cerluten","","","","","","","","","","","","","Missing on current site. Needs primary-source research fill.","needs_online_research"
"Chonluten","chonluten","","Bioregulator Peptide","bioregulator","","","","","","","","","","","","Chonluten|Bioregulator Peptide|bioregulator","Chonluten","","","","","","","","","","","","","Missing on current site. Needs primary-source research fill.","needs_online_research"
"CJC without DAC","cjc-1295","","Growth Hormone Secretagogue","peptide","","","","","","","","","","","","CJC without DAC|Growth Hormone Secretagogue|peptide","CJC without DAC","","","","","","","","","","","","","Missing on current site. Needs primary-source research fill.","needs_online_research"
"CJC-1295 DAC","cjc-1295-dac","CJC-1295 with Drug Affinity Complex","Growth Hormone Secretagogue","peptide","Long-acting GHRH analogue with a Drug Affinity Complex (DAC) that covalently binds serum albumin after injection, dramatically extending half-life.","Long-acting GHRH analogue with a Drug Affinity Complex (DAC) that covalently binds serum albumin after injection, dramatically extending half-life. Produces sustained GH and IGF-1 elevation over days rather than hours.","","1â€“2 mg per week","Varies by research protocol","Protocol-dependent","Subcutaneous injection","Subcutaneous injection","6â€“8 days","Research only / status to be verified","Content pending researcher verification","CJC-1295 with Drug Affinity Complex|CJC-1295 DAC|Growth Hormone Secretagogue","CJC-1295 DAC","","","","","","","","","","","","","Prefilled from current site catalog. Review cycle, break, and regulatory wording.","prefilled_from_site"
"Cortagen","cortagen","Brain Cortex Peptide Bioregulator","Bioregulator Peptide","bioregulator","Peptide bioregulator derived from cerebral cortex tissue.","Peptide bioregulator derived from cerebral cortex tissue. Normalizes cortical neuron gene expression, supports synaptic plasticity, modulates neurotransmitter balance, and provides neuroprotection during aging and neurodegeneration.","","1â€“2 capsules/day (complex preparation)","Varies by research protocol","Protocol-dependent","Oral","Oral","Variable (complex)","Research only / status to be verified","Content pending researcher verification","Brain Cortex Peptide Bioregulator|Cortagen|Bioregulator Peptide","Cortagen","","","","","","","","","","","","","Prefilled from current site catalog. Review cycle, break, and regulatory wording.","prefilled_from_site"
"Crystagen","crystagen","","Bioregulator Peptide","bioregulator","","","","","","","","","","","","Crystagen|Bioregulator Peptide|bioregulator","Crystagen","","","","","","","","","","","","","Missing on current site. Needs primary-source research fill.","needs_online_research"
"DSIP","dsip","","Nootropic & Neuropeptide","peptide","","","","","","","","","","","","DSIP|Nootropic & Neuropeptide|peptide","DSIP","","","","","","","","","","","","","Missing on current site. Needs primary-source research fill.","needs_online_research"
"Endoluten","endoluten","Pineal Gland Peptide Complex","Bioregulator Peptide","bioregulator","Complex peptide bioregulator derived from pineal gland tissue.","Complex peptide bioregulator derived from pineal gland tissue. Supports melatonin synthesis, modulates neuroendocrine function, regulates circadian rhythms, and influences telomerase activity in pinealocytes.","","1â€“2 capsules/day (complex preparation)","Varies by research protocol","Protocol-dependent","Oral","Oral","Variable (complex)","Research only / status to be verified","Content pending researcher verification","Pineal Gland Peptide Complex|Endoluten|Bioregulator Peptide","Endoluten","","","","","","","","","","","","","Prefilled from current site catalog. Review cycle, break, and regulatory wording.","prefilled_from_site"
"Epithalon","epithalon","Epitalon|Epithalamin Tetrapeptide|Ala-Glu-Asp-Gly","Longevity & Mitochondrial","peptide","Synthetic tetrapeptide analogue of epithalamin from the pineal gland.","Synthetic tetrapeptide analogue of epithalamin from the pineal gland. Activates telomerase in somatic cells, regulates melatonin synthesis, normalizes circadian rhythms, and modulates hypothalamic-pituitary-adrenal axis function.","","5â€“10 mg/day for 10â€“20 days","Varies by research protocol","Protocol-dependent","Subcutaneous injection, intravenous","Subcutaneous injection, intravenous","~30 minutes","Research only / status to be verified","Content pending researcher verification","Epitalon|Epithalamin Tetrapeptide|Ala-Glu-Asp-Gly|Epithalon|Longevity & Mitochondrial","Epithalon","","","","","","","","","","","","","Prefilled from current site catalog. Review cycle, break, and regulatory wording.","prefilled_from_site"
"Follistatin-344","follistatin-344","FS-344|Follistatin","Growth Factor","peptide","Autocrine glycoprotein that binds and neutralizes activin and myostatin (GDF-8) with high affinity.","Autocrine glycoprotein that binds and neutralizes activin and myostatin (GDF-8) with high affinity. Removes the endogenous brake on muscle growth, allowing increased satellite cell proliferation and myofiber hypertrophy. Also modulates FSH levels.","","100â€“300 mcg/day (research dosing)","Varies by research protocol","Protocol-dependent","Subcutaneous injection","Subcutaneous injection","Variable; rapid clearance (native protein)","Research only / status to be verified","Content pending researcher verification","FS-344|Follistatin|Follistatin-344|Growth Factor","Follistatin-344","","","","","","","","","","","","","Prefilled from current site catalog. Review cycle, break, and regulatory wording.","prefilled_from_site"
"FOXO4-DRI","foxo4-dri","","Longevity & Mitochondrial","peptide","","","","","","","","","","","","FOXO4-DRI|Longevity & Mitochondrial|peptide","FOXO4-DRI","","","","","","","","","","","","","Missing on current site. Needs primary-source research fill.","needs_online_research"
"GHK Base","ghk-base","","Cosmetic & Dermal","peptide","","","","","","","","","","","","GHK Base|Cosmetic & Dermal|peptide","GHK Base","","","","","","","","","","","","","Missing on current site. Needs primary-source research fill.","needs_online_research"
"GHK-Cu","ghk-cu","","Cosmetic & Dermal","peptide","Naturally occurring copper complex found in plasma.","Naturally occurring copper complex found in plasma. Stimulates collagen and glycosaminoglycan synthesis, activates metalloproteinases for tissue remodeling, modulates antioxidant gene expression, and promotes hair follicle cycling.","","Topical 0.1â€“1% concentration","Varies by research protocol","Protocol-dependent","Topical, subcutaneous injection","Topical, subcutaneous injection","Topical kinetics undefined","Research only / status to be verified","Content pending researcher verification","GHK-Cu|Cosmetic & Dermal","GHK-Cu","","","","","","","","","","","","","Prefilled from current site catalog. Review cycle, break, and regulatory wording.","prefilled_from_site"
"GHRP-2","ghrp-2","Growth Hormone Releasing Peptide-2|Pralmorelin","Growth Hormone Secretagogue","peptide","Synthetic hexapeptide ghrelin mimetic that activates GHS-R1a receptors.","Synthetic hexapeptide ghrelin mimetic that activates GHS-R1a receptors. Produces robust GH release, mildly elevates cortisol and prolactin. Stronger GH response than GHRP-6 with less appetite stimulation.","","100â€“300 mcg per injection, 2â€“3x daily","Varies by research protocol","Protocol-dependent","Subcutaneous injection, intranasal","Subcutaneous injection, intranasal","~1.5 hours","Research only / status to be verified","Content pending researcher verification","Growth Hormone Releasing Peptide-2|Pralmorelin|GHRP-2|Growth Hormone Secretagogue","GHRP-2","","","","","","","","","","","","","Prefilled from current site catalog. Review cycle, break, and regulatory wording.","prefilled_from_site"
"GHRP-6","ghrp-6","Growth Hormone Releasing Peptide-6|SKF-110679","Growth Hormone Secretagogue","peptide","First-generation synthetic hexapeptide ghrelin mimetic.","First-generation synthetic hexapeptide ghrelin mimetic. Activates GHS-R1a with strong GH-releasing effects. Notable for significant ghrelin-mediated appetite stimulation and gastric motility effects.","","100â€“300 mcg per injection, 2â€“3x daily","Varies by research protocol","Protocol-dependent","Subcutaneous injection","Subcutaneous injection","~2 hours","Research only / status to be verified","Content pending researcher verification","Growth Hormone Releasing Peptide-6|SKF-110679|GHRP-6|Growth Hormone Secretagogue","GHRP-6","","","","","","","","","","","","","Prefilled from current site catalog. Review cycle, break, and regulatory wording.","prefilled_from_site"
"Glandokort","glandokort","","Bioregulator Peptide","bioregulator","","","","","","","","","","","","Glandokort|Bioregulator Peptide|bioregulator","Glandokort","","","","","","","","","","","","","Missing on current site. Needs primary-source research fill.","needs_online_research"
"Glutathione","glutathione","","Immune Modulation","peptide","","","","","","","","","","","","Glutathione|Immune Modulation|peptide","Glutathione","","","","","","","","","","","","","Missing on current site. Needs primary-source research fill.","needs_online_research"
"Gonadorelin","gonadorelin","GnRH|LHRH|Factrel|Lutrelef","Reproductive","peptide","Synthetic decapeptide identical to endogenous GnRH.","Synthetic decapeptide identical to endogenous GnRH. Pulsatile administration stimulates LH/FSH release from gonadotrophs; continuous administration causes receptor downregulation and gonadal suppression. Used diagnostically and therapeutically.","","100 mcg IV/SC (diagnostic); pulsatile dosing for therapy","Varies by research protocol","Protocol-dependent","Intravenous, subcutaneous injection, pulsatile pump","Intravenous, subcutaneous injection, pulsatile pump","2â€“4 minutes","Research only / status to be verified","Content pending researcher verification","GnRH|LHRH|Factrel|Lutrelef|Gonadorelin|Reproductive","Gonadorelin","","","","","","","","","","","","","Prefilled from current site catalog. Review cycle, break, and regulatory wording.","prefilled_from_site"
"Gotratix","gotratix","","Bioregulator Peptide","bioregulator","","","","","","","","","","","","Gotratix|Bioregulator Peptide|bioregulator","Gotratix","","","","","","","","","","","","","Missing on current site. Needs primary-source research fill.","needs_online_research"
"Hexarelin","hexarelin","Examorelin|HEX","Growth Hormone Secretagogue","peptide","Potent synthetic hexapeptide GHS-R1a agonist.","Potent synthetic hexapeptide GHS-R1a agonist. Produces the strongest GH release among GHRPs but also elevates cortisol and prolactin. Notable for cardiac-protective properties via CD36 receptor activation independent of GH."",
    research_applications: JSON.stringify([
      ""GH release (potent)"",
      ""Cardiac protection"",
      ""Body composition"",
      ""CD36 receptor studies"",
    ]),
    typical_dosage_range: ""100â€“200 mcg per injection, 2â€“3x daily"",
    half_life: ""~70 minutes"",
    administration_method: ""Subcutaneous injection"",
    pubmed_links: JSON.stringify([
      ""https://pubmed.ncbi.nlm.nih.gov/9694925/"",
      ""https://pubmed.ncbi.nlm.nih.gov/15563729/"",
    ]),
  },
  {
    slug: ""semaglutide"",
    name: ""Semaglutide"",
    aliases: JSON.stringify([""Ozempic"", ""Wegovy"", ""Rybelsus""]),
    category: ""Metabolic"",
    mechanism_of_action:
      ""GLP-1 receptor agonist with C-18 fatty diacid modification for albumin binding. Enhances insulin secretion, suppresses glucagon, delays gastric emptying, and acts on hypothalamic appetite centers. FDA-approved for T2D and obesity.","","0.25â€“2.4 mg/week","Varies by research protocol","Protocol-dependent","Subcutaneous injection, oral","Subcutaneous injection, oral","~7 days","Approved / marketed indication noted in source content","Approved","Examorelin|HEX|Hexarelin|Growth Hormone Secretagogue","Hexarelin","","","","","","","","","","","","","Prefilled from current site catalog. Review cycle, break, and regulatory wording.","prefilled_from_site"
"Humanin","humanin","","Longevity & Mitochondrial","peptide","","","","","","","","","","","","Humanin|Longevity & Mitochondrial|peptide","Humanin","","","","","","","","","","","","","Missing on current site. Needs primary-source research fill.","needs_online_research"
"IGF-1","igf-1","","Growth Factor","peptide","","","","","","","","","","","","IGF-1|Growth Factor|peptide","IGF-1","","","","","","","","","","","","","Missing on current site. Needs primary-source research fill.","needs_online_research"
"IGF-1 LR3","igf-1-lr3","Long Arg3 IGF-1|Long R3 IGF-1","Growth Factor","peptide","Modified IGF-1 with Arg substitution at position 3 and 13-aa N-terminal extension.","Modified IGF-1 with Arg substitution at position 3 and 13-aa N-terminal extension. Has dramatically reduced IGFBP binding (~100x less), resulting in much higher free/active IGF-1 levels. Activates IGF-1R/PI3K/Akt and MAPK/ERK pathways for cell growth.","","20â€“100 mcg/day","Varies by research protocol","Protocol-dependent","Subcutaneous or intramuscular injection","Subcutaneous or intramuscular injection","~20â€“30 hours","Research only / status to be verified","Content pending researcher verification","Long Arg3 IGF-1|Long R3 IGF-1|IGF-1 LR3|Growth Factor","IGF-1 LR3","","","","","","","","","","","","","Prefilled from current site catalog. Review cycle, break, and regulatory wording.","prefilled_from_site"
"Ipamorelin","ipamorelin","Ipamorelin Acetate|NNC 26-0161","Growth Hormone Secretagogue","peptide","Selective pentapeptide ghrelin receptor (GHS-R1a) agonist.","Selective pentapeptide ghrelin receptor (GHS-R1a) agonist. Produces clean GH release without significantly elevating cortisol, prolactin, or ACTH, making it the most selective GHRP studied.","","200â€“300 mcg per injection, 2â€“3x daily","Varies by research protocol","Protocol-dependent","Subcutaneous injection","Subcutaneous injection","~2 hours","Research only / status to be verified","Content pending researcher verification","Ipamorelin Acetate|NNC 26-0161|Ipamorelin|Growth Hormone Secretagogue","Ipamorelin","","","","","","","","","","","","","Prefilled from current site catalog. Review cycle, break, and regulatory wording.","prefilled_from_site"
"Kisspeptin-10","kisspeptin-10","KP-10|Metastin 45-54","Reproductive","peptide","C-terminal decapeptide of kisspeptin that activates KISS1R (GPR54) on GnRH neurons.","C-terminal decapeptide of kisspeptin that activates KISS1R (GPR54) on GnRH neurons. Master regulator of the HPG axis; triggers pulsatile GnRH release which stimulates LH and FSH secretion from the anterior pituitary.","","0.3â€“10 nmol/kg IV infusion (clinical research)","Varies by research protocol","Protocol-dependent","Intravenous infusion, subcutaneous injection","Intravenous infusion, subcutaneous injection","~28 minutes","Research only / status to be verified","Content pending researcher verification","KP-10|Metastin 45-54|Kisspeptin-10|Reproductive","Kisspeptin-10","","","","","","","","","","","","","Prefilled from current site catalog. Review cycle, break, and regulatory wording.","prefilled_from_site"
"KPV","kpv","","Immune Modulation","bioregulator","","","","","","","","","","","","KPV|Immune Modulation|bioregulator","KPV","","","","","","","","","","","","","Missing on current site. Needs primary-source research fill.","needs_online_research"
"L-Carnitine","l-carnitine","","Metabolic","peptide","","","","","","","","","","","","L-Carnitine|Metabolic|peptide","L-Carnitine","","","","","","","","","","","","","Missing on current site. Needs primary-source research fill.","needs_online_research"
"Libidon","libidon","","Bioregulator Peptide","bioregulator","","","","","","","","","","","","Libidon|Bioregulator Peptide|bioregulator","Libidon","","","","","","","","","","","","","Missing on current site. Needs primary-source research fill.","needs_online_research"
"Lipo B","lipo-b","","Metabolic","peptide","","","","","","","","","","","","Lipo B|Metabolic|peptide","Lipo B","","","","","","","","","","","","","Missing on current site. Needs primary-source research fill.","needs_online_research"
"Lipo C","lipo-c","","Metabolic","peptide","","","","","","","","","","","","Lipo C|Metabolic|peptide","Lipo C","","","","","","","","","","","","","Missing on current site. Needs primary-source research fill.","needs_online_research"
"Liraglutide","liraglutide","","Metabolic","peptide","","","","","","","","","","","","Liraglutide|Metabolic|peptide","Liraglutide","","","","","","","","","","","","","Missing on current site. Needs primary-source research fill.","needs_online_research"
"Livagen","livagen","","Bioregulator Peptide","bioregulator","","","","","","","","","","","","Livagen|Bioregulator Peptide|bioregulator","Livagen","","","","","","","","","","","","","Missing on current site. Needs primary-source research fill.","needs_online_research"
"LL-37","ll-37","Cathelicidin|hCAP18 C-terminal peptide","Immune Modulation","peptide","Human cathelicidin antimicrobial peptide (37 aa, Leu-Leu N-terminus).","Human cathelicidin antimicrobial peptide (37 aa, Leu-Leu N-terminus). Forms amphipathic alpha-helix that disrupts microbial membranes. Also modulates TLR signaling, promotes angiogenesis, recruits immune cells via FPR2, and aids wound healing.","","Research-grade; no standard clinical dosing","Varies by research protocol","Protocol-dependent","Topical, subcutaneous injection","Topical, subcutaneous injection","~30 minutes (plasma)","Research only / status to be verified","Content pending researcher verification","Cathelicidin|hCAP18 C-terminal peptide|LL-37|Immune Modulation","LL-37","","","","","","","","","","","","","Prefilled from current site catalog. Review cycle, break, and regulatory wording.","prefilled_from_site"
"Mazdutide","mazdutide","","Metabolic","peptide","","","","","","","","","","","","Mazdutide|Metabolic|peptide","Mazdutide","","","","","","","","","","","","","Missing on current site. Needs primary-source research fill.","needs_online_research"
"Melanotan I","melanotan-i","Afamelanotide|NDP-Î±-MSH|Scenesse","Melanocortin","peptide","Synthetic linear analogue of Î±-MSH that selectively activates MC1R on melanocytes.","Synthetic linear analogue of Î±-MSH that selectively activates MC1R on melanocytes. Stimulates eumelanin synthesis via cAMP/PKA/MITF pathway. FDA-approved (as afamelanotide) for erythropoietic protoporphyria (EPP) photoprotection.","","16 mg subcutaneous implant (Scenesse)","Varies by research protocol","Protocol-dependent","Subcutaneous non-implant route, subcutaneous injection","Subcutaneous non-implant route, subcutaneous injection","~30 minutes","Approved / marketed indication noted in source content","Approved","Afamelanotide|NDP-Î±-MSH|Scenesse|Melanotan I|Melanocortin","Melanotan I","","","","","","","","","","","","","Prefilled from current site catalog. Review cycle, break, and regulatory wording.","prefilled_from_site"
"Melanotan II","melanotan-ii","MT-II|MT-2","Melanocortin","peptide","Non-selective cyclic melanocortin agonist activating MC1R, MC3R, MC4R, and MC5R.","Non-selective cyclic melanocortin agonist activating MC1R, MC3R, MC4R, and MC5R. Induces skin tanning (MC1R), sexual arousal (MC4R), appetite suppression (MC4R), and potential lipolytic effects (MC3R). Precursor compound for PT-141.","","0.25â€“1 mg per injection","Varies by research protocol","Protocol-dependent","Subcutaneous injection","Subcutaneous injection","~1 hour","Research only / status to be verified","Content pending researcher verification","MT-II|MT-2|Melanotan II|Melanocortin","Melanotan II","","","","","","","","","","","","","Prefilled from current site catalog. Review cycle, break, and regulatory wording.","prefilled_from_site"
"MGF","mgf","Mechano Growth Factor|IGF-1Ec","Growth Factor","peptide","Splice variant of IGF-1 (IGF-1Ec in humans) produced by mechanically damaged muscle tissue.","Splice variant of IGF-1 (IGF-1Ec in humans) produced by mechanically damaged muscle tissue. Activates muscle satellite cells (stem cells), promotes proliferation without premature differentiation, and initiates the muscle repair cascade.","","200â€“400 mcg locally","Varies by research protocol","Protocol-dependent","Intramuscular injection (local)","Intramuscular injection (local)","~5â€“7 minutes (native)","Research only / status to be verified","Content pending researcher verification","Mechano Growth Factor|IGF-1Ec|MGF|Growth Factor","MGF","","","","","","","","","","","","","Prefilled from current site catalog. Review cycle, break, and regulatory wording.","prefilled_from_site"
"MK-677","mk-677","","Growth Hormone Secretagogue","peptide","","","","","","","","","","","","MK-677|Growth Hormone Secretagogue|peptide","MK-677","","","","","","","","","","","","","Missing on current site. Needs primary-source research fill.","needs_online_research"
"Mod-GRF","mod-grf-1-29","","Growth Hormone Secretagogue","peptide","","","","","","","","","","","","Mod-GRF|Growth Hormone Secretagogue|peptide","Mod-GRF","","","","","","","","","","","","","Missing on current site. Needs primary-source research fill.","needs_online_research"
"MOTS-C","mots-c","Mitochondrial Open Reading Frame of the 12S rRNA-c","Longevity & Mitochondrial","peptide","Mitochondrial-derived peptide encoded by 12S rRNA.","Mitochondrial-derived peptide encoded by 12S rRNA. Activates AMPK, regulates AICAR and folate-methionine cycling, enhances glucose uptake in skeletal muscle, and improves metabolic homeostasis under stress conditions.","","5â€“10 mg/week","Varies by research protocol","Protocol-dependent","Subcutaneous injection","Subcutaneous injection","~4 hours (estimated)","Research only / status to be verified","Content pending researcher verification","Mitochondrial Open Reading Frame of the 12S rRNA-c|MOTS-C|Longevity & Mitochondrial","MOTS-C","","","","","","","","","","","","","Prefilled from current site catalog. Review cycle, break, and regulatory wording.","prefilled_from_site"
"NAD+","nad-plus","","Longevity & Mitochondrial","peptide","","","","","","","","","","","","NAD+|Longevity & Mitochondrial|peptide","NAD+","","","","","","","","","","","","","Missing on current site. Needs primary-source research fill.","needs_online_research"
"Noopept","noopept","GVS-111|N-Phenylacetyl-L-prolylglycine ethyl ester","Nootropic & Neuropeptide","peptide","Dipeptide nootropic that modulates AMPA and NMDA glutamate receptors, increases NGF and BDNF in hippocampus and cortex, enhances alpha/beta1 EEG activity, and provides neuroprotection through antioxidant and anti-inflammatory mechanisms.","Dipeptide nootropic that modulates AMPA and NMDA glutamate receptors, increases NGF and BDNF in hippocampus and cortex, enhances alpha/beta1 EEG activity, and provides neuroprotection through antioxidant and anti-inflammatory mechanisms.","","10â€“30 mg/day","Varies by research protocol","Protocol-dependent","Oral, sublingual, intranasal","Oral, sublingual, intranasal","~5 minutes (active metabolite cycloprolylglycine longer)","Research only / status to be verified","Content pending researcher verification","GVS-111|N-Phenylacetyl-L-prolylglycine ethyl ester|Noopept|Nootropic & Neuropeptide","Noopept","","","","","","","","","","","","","Prefilled from current site catalog. Review cycle, break, and regulatory wording.","prefilled_from_site"
"Normoftal","normoftal","","Bioregulator Peptide","bioregulator","","","","","","","","","","","","Normoftal|Bioregulator Peptide|bioregulator","Normoftal","","","","","","","","","","","","","Missing on current site. Needs primary-source research fill.","needs_online_research"
"Ovagen","ovagen","Liver Peptide Bioregulator|EDP Tripeptide","Bioregulator Peptide","bioregulator","Synthetic tripeptide bioregulator targeting hepatic and GI tissue.","Synthetic tripeptide bioregulator targeting hepatic and GI tissue. Normalizes liver cell gene expression, supports hepatobiliary function, modulates lipid metabolism pathways, and promotes GI mucosal integrity.","","10â€“20 mcg/day","Varies by research protocol","Protocol-dependent","Oral, sublingual","Oral, sublingual","Short (tripeptide)","Research only / status to be verified","Content pending researcher verification","Liver Peptide Bioregulator|EDP Tripeptide|Ovagen|Bioregulator Peptide","Ovagen","","","","","","","","","","","","","Prefilled from current site catalog. Review cycle, break, and regulatory wording.","prefilled_from_site"
"Oxytocin","oxytocin","","Nootropic & Neuropeptide","peptide","","","","","","","","","","","","Oxytocin|Nootropic & Neuropeptide|peptide","Oxytocin","","","","","","","","","","","","","Missing on current site. Needs primary-source research fill.","needs_online_research"
"P21","p21","P021|Ac-DGGLAG-NH2-CNTF-derived","Nootropic & Neuropeptide","peptide","Small CNTF (ciliary neurotrophic factor)-derived peptide that inhibits leukemia inhibitory factor (LIF) signaling while enhancing BDNF/TrkB pathway.","Small CNTF (ciliary neurotrophic factor)-derived peptide that inhibits leukemia inhibitory factor (LIF) signaling while enhancing BDNF/TrkB pathway. Promotes neurogenesis in hippocampal dentate gyrus and reduces tau hyperphosphorylation.","","Research-grade; varies by study","Varies by research protocol","Protocol-dependent","Subcutaneous injection, oral (in animal studies)","Subcutaneous injection, oral (in animal studies)","Not fully characterized","Research only / status to be verified","Content pending researcher verification","P021|Ac-DGGLAG-NH2-CNTF-derived|P21|Nootropic & Neuropeptide","P21","","","","","","","","","","","","","Prefilled from current site catalog. Review cycle, break, and regulatory wording.","prefilled_from_site"
"P-21","p-21","","Nootropic & Neuropeptide","peptide","","","","","","","","","","","","P-21|Nootropic & Neuropeptide|peptide","P-21","","","","","","","","","","","","","Missing on current site. Needs primary-source research fill.","needs_online_research"
"Pancragen","pancragen","Pancreatic Peptide Bioregulator","Bioregulator Peptide","bioregulator","Peptide bioregulator targeting pancreatic tissue.","Peptide bioregulator targeting pancreatic tissue. Normalizes beta-cell gene expression, supports insulin synthesis and secretion pathways, modulates pancreatic enzyme production, and promotes islet cell function during metabolic stress.","","1â€“2 capsules/day (complex preparation)","Varies by research protocol","Protocol-dependent","Oral","Oral","Variable (complex)","Research only / status to be verified","Content pending researcher verification","Pancreatic Peptide Bioregulator|Pancragen|Bioregulator Peptide","Pancragen","","","","","","","","","","","","","Prefilled from current site catalog. Review cycle, break, and regulatory wording.","prefilled_from_site"
"PE-22-28","pe-22-28","","Nootropic & Neuropeptide","peptide","","","","","","","","","","","","PE-22-28|Nootropic & Neuropeptide|peptide","PE-22-28","","","","","","","","","","","","","Missing on current site. Needs primary-source research fill.","needs_online_research"
"PEG-MGF","peg-mgf","PEGylated Mechano Growth Factor","Growth Factor","peptide","PEGylated form of MGF (IGF-1Ec splice variant) with extended half-life from polyethylene glycol conjugation.","PEGylated form of MGF (IGF-1Ec splice variant) with extended half-life from polyethylene glycol conjugation. Activates satellite cell proliferation in damaged skeletal muscle, promotes muscle stem cell activation, and supports myoblast fusion for fiber repair.","","200â€“400 mcg, 2â€“3x weekly","Varies by research protocol","Protocol-dependent","Intramuscular or subcutaneous injection","Intramuscular or subcutaneous injection","Several hours (extended by PEGylation)","Research only / status to be verified","Content pending researcher verification","PEGylated Mechano Growth Factor|PEG-MGF|Growth Factor","PEG-MGF","","","","","","","","","","","","","Prefilled from current site catalog. Review cycle, break, and regulatory wording.","prefilled_from_site"
"Pielotax","pielotax","","Bioregulator Peptide","bioregulator","","","","","","","","","","","","Pielotax|Bioregulator Peptide|bioregulator","Pielotax","","","","","","","","","","","","","Missing on current site. Needs primary-source research fill.","needs_online_research"
"Pinealon","pinealon","EDR Tripeptide|Glu-Asp-Arg","Bioregulator Peptide","bioregulator","Synthetic tripeptide bioregulator targeting CNS and pineal function.","Synthetic tripeptide bioregulator targeting CNS and pineal function. Penetrates cell membranes, interacts with DNA regulatory regions, modulates gene expression for neuroprotection, and regulates melatonin synthesis pathways.","","10â€“20 mcg/day","Varies by research protocol","Protocol-dependent","Oral, sublingual","Oral, sublingual","Short (tripeptide)","Research only / status to be verified","Content pending researcher verification","EDR Tripeptide|Glu-Asp-Arg|Pinealon|Bioregulator Peptide","Pinealon","","","","","","","","","","","","","Prefilled from current site catalog. Review cycle, break, and regulatory wording.","prefilled_from_site"
"Prostatilen","prostatilen","Prostate Peptide Bioregulator|Vitaprost","Bioregulator Peptide","bioregulator","Peptide complex extracted from bovine prostate gland.","Peptide complex extracted from bovine prostate gland. Reduces prostatic inflammation, normalizes prostate epithelial cell function, improves microcirculation, and modulates local immune responses. Approved in Russia for prostatitis/BPH.","","30â€“50 mg suppository or 5â€“10 mg injection","Varies by research protocol","Protocol-dependent","Rectal suppository, intramuscular injection","Rectal suppository, intramuscular injection","Variable (complex)","Approved / marketed indication noted in source content","Approved","Prostate Peptide Bioregulator|Vitaprost|Prostatilen|Bioregulator Peptide","Prostatilen","","","","","","","","","","","","","Prefilled from current site catalog. Review cycle, break, and regulatory wording.","prefilled_from_site"
"PT-141","pt-141","Bremelanotide|Vyleesi","Melanocortin","peptide","Selective MC4R agonist derived from Melanotan II metabolite.","Selective MC4R agonist derived from Melanotan II metabolite. Activates hypothalamic melanocortin circuits for sexual arousal independent of vascular mechanisms. FDA-approved for hypoactive sexual desire disorder (HSDD) in premenopausal women.","","1.75 mg per event","Varies by research protocol","Protocol-dependent","Subcutaneous injection","Subcutaneous injection","~2.7 hours","Approved / marketed indication noted in source content","Approved","Bremelanotide|Vyleesi|PT-141|Melanocortin","PT-141","","","","","","","","","","","","","Prefilled from current site catalog. Review cycle, break, and regulatory wording.","prefilled_from_site"
"Renagen","renagen","Kidney Peptide Bioregulator","Bioregulator Peptide","bioregulator","Peptide bioregulator targeting renal tissue.","Peptide bioregulator targeting renal tissue. Normalizes nephron cell gene expression, supports glomerular filtration efficiency, modulates renal tubular transport mechanisms, and promotes kidney tissue repair during aging.","","1â€“2 capsules/day (complex preparation)","Varies by research protocol","Protocol-dependent","Oral","Oral","Variable (complex)","Research only / status to be verified","Content pending researcher verification","Kidney Peptide Bioregulator|Renagen|Bioregulator Peptide","Renagen","","","","","","","","","","","","","Prefilled from current site catalog. Review cycle, break, and regulatory wording.","prefilled_from_site"
"Retatrutide","retatrutide","LY3437943|Triple G Agonist","Metabolic","peptide","Triple agonist targeting GIP, GLP-1, and glucagon receptors simultaneously.","Triple agonist targeting GIP, GLP-1, and glucagon receptors simultaneously. The glucagon component adds thermogenic and lipolytic effects beyond dual incretins, producing the highest weight loss seen in clinical trials to date.","","1â€“12 mg/week (clinical trial doses)","Varies by research protocol","Protocol-dependent","Subcutaneous injection","Subcutaneous injection","~6 days","Research only / status to be verified","Content pending researcher verification","LY3437943|Triple G Agonist|Retatrutide|Metabolic","Retatrutide","","","","","","","","","","","","","Prefilled from current site catalog. Review cycle, break, and regulatory wording.","prefilled_from_site"
"Retinalamin","retinalamin","Retinal Peptide Bioregulator","Bioregulator Peptide","bioregulator","Peptide complex derived from retinal tissue.","Peptide complex derived from retinal tissue. Normalizes retinal pigment epithelium function, supports photoreceptor cell metabolism, modulates retinal microcirculation, and provides neuroprotection for optic nerve structures.","","5 mg/day injection for 10 days","Varies by research protocol","Protocol-dependent","Parabulbar or intramuscular injection","Parabulbar or intramuscular injection","Variable (complex)","Research only / status to be verified","Content pending researcher verification","Retinal Peptide Bioregulator|Retinalamin|Bioregulator Peptide","Retinalamin","","","","","","","","","","","","","Prefilled from current site catalog. Review cycle, break, and regulatory wording.","prefilled_from_site"
"Selank","selank","TP-7|Thr-Lys-Pro-Arg-Pro-Gly-Pro","Nootropic & Neuropeptide","peptide","Synthetic heptapeptide analogue of tuftsin with added Pro-Gly-Pro sequence for enzymatic stability.","Synthetic heptapeptide analogue of tuftsin with added Pro-Gly-Pro sequence for enzymatic stability. Modulates GABA-A receptor allosteric sites, increases BDNF and enkephalin expression, and regulates IL-6 balance.","","250â€“500 mcg/day intranasal","Varies by research protocol","Protocol-dependent","Intranasal","Intranasal","Minutes (plasma); extended CNS activity","Research only / status to be verified","Content pending researcher verification","TP-7|Thr-Lys-Pro-Arg-Pro-Gly-Pro|Selank|Nootropic & Neuropeptide","Selank","","","","","","","","","","","","","Prefilled from current site catalog. Review cycle, break, and regulatory wording.","prefilled_from_site"
"Semaglutide","semaglutide","","Metabolic","peptide","","","","","","","","","","","","Semaglutide|Metabolic|peptide","Semaglutide","","","","","","","","","","","","","Missing on current site. Needs primary-source research fill.","needs_online_research"
"Semax","semax","","Nootropic & Neuropeptide","peptide","","","","","","","","","","","","Semax|Nootropic & Neuropeptide|peptide","Semax","","","","","","","","","","","","","Missing on current site. Needs primary-source research fill.","needs_online_research"
"Sermorelin","sermorelin","","Growth Hormone Secretagogue","peptide","","","","","","","","","","","","Sermorelin|Growth Hormone Secretagogue|peptide","Sermorelin","","","","","","","","","","","","","Missing on current site. Needs primary-source research fill.","needs_online_research"
"Servodutide","servodutide","","Metabolic","peptide","","","","","","","","","","","","Servodutide|Metabolic|peptide","Servodutide","","","","","","","","","","","","","Missing on current site. Needs primary-source research fill.","needs_online_research"
"Sigumir","sigumir","Cartilage & Bone Peptide Bioregulator","Bioregulator Peptide","bioregulator","Peptide bioregulator derived from cartilage and bone tissue.","Peptide bioregulator derived from cartilage and bone tissue. Normalizes chondrocyte and osteoblast gene expression, supports proteoglycan synthesis, modulates calcium metabolism, and promotes joint and skeletal tissue maintenance.","","1â€“2 capsules/day (complex preparation)","Varies by research protocol","Protocol-dependent","Oral","Oral","Variable (complex)","Research only / status to be verified","Content pending researcher verification","Cartilage & Bone Peptide Bioregulator|Sigumir|Bioregulator Peptide","Sigumir","","","","","","","","","","","","","Prefilled from current site catalog. Review cycle, break, and regulatory wording.","prefilled_from_site"
"SS-31","ss-31","Elamipretide|Bendavia|MTP-131","Longevity & Mitochondrial","peptide","Cell-permeable tetrapeptide (D-Arg-Dmt-Lys-Phe-NH2) that targets cardiolipin in the inner mitochondrial membrane.","Cell-permeable tetrapeptide (D-Arg-Dmt-Lys-Phe-NH2) that targets cardiolipin in the inner mitochondrial membrane. Stabilizes cristae structure, optimizes electron transport chain efficiency, and reduces mitochondrial ROS production.","","0.25â€“4 mg/kg (clinical trial dosing)","Varies by research protocol","Protocol-dependent","Subcutaneous injection, intravenous","Subcutaneous injection, intravenous","~4 hours","Research only / status to be verified","Content pending researcher verification","Elamipretide|Bendavia|MTP-131|SS-31|Longevity & Mitochondrial","SS-31","","","","","","","","","","","","","Prefilled from current site catalog. Review cycle, break, and regulatory wording.","prefilled_from_site"
"Svetinorm","svetinorm","","Bioregulator Peptide","bioregulator","","","","","","","","","","","","Svetinorm|Bioregulator Peptide|bioregulator","Svetinorm","","","","","","","","","","","","","Missing on current site. Needs primary-source research fill.","needs_online_research"
"TB-500","tb-500","Thymosin Beta-4 Fragment|TÎ²4","Healing & Recovery","peptide","Synthetic fragment of thymosin beta-4.","Synthetic fragment of thymosin beta-4. Promotes actin polymerization and cell migration, upregulates Akt signaling, modulates inflammatory cytokines, and supports endothelial cell differentiation for wound repair.","","2â€“2.5 mg twice weekly","Varies by research protocol","Protocol-dependent","Subcutaneous injection","Subcutaneous injection","~3 days","Research only / status to be verified","Content pending researcher verification","Thymosin Beta-4 Fragment|TÎ²4|TB-500|Healing & Recovery","TB-500","","","","","","","","","","","","","Prefilled from current site catalog. Review cycle, break, and regulatory wording.","prefilled_from_site"
"Tesamorelin","tesamorelin","Egrifta|TH9507","Growth Hormone Secretagogue","peptide","Synthetic GHRH analogue with a trans-3-hexenoic acid modification.","Synthetic GHRH analogue with a trans-3-hexenoic acid modification. FDA-approved for HIV-associated lipodystrophy. Stimulates pulsatile GH release and reduces visceral adipose tissue.","","2 mg/day","Varies by research protocol","Protocol-dependent","Subcutaneous injection","Subcutaneous injection","26â€“38 minutes","Approved / marketed indication noted in source content","Approved","Egrifta|TH9507|Tesamorelin|Growth Hormone Secretagogue","Tesamorelin","","","","","","","","","","","","","Prefilled from current site catalog. Review cycle, break, and regulatory wording.","prefilled_from_site"
"Tesofensine","tesofensine","","Metabolic","peptide","","","","","","","","","","","","Tesofensine|Metabolic|peptide","Tesofensine","","","","","","","","","","","","","Missing on current site. Needs primary-source research fill.","needs_online_research"
"Testagen","testagen","Testicular Peptide Bioregulator","Bioregulator Peptide","bioregulator","Peptide bioregulator derived from testicular tissue extracts.","Peptide bioregulator derived from testicular tissue extracts. Modulates Leydig cell gene expression, supports testosterone synthesis pathways, and normalizes hypothalamic-pituitary-gonadal axis function in aging models.","","1â€“2 capsules/day (complex preparation)","Varies by research protocol","Protocol-dependent","Oral","Oral","Variable (complex)","Research only / status to be verified","Content pending researcher verification","Testicular Peptide Bioregulator|Testagen|Bioregulator Peptide","Testagen","","","","","","","","","","","","","Prefilled from current site catalog. Review cycle, break, and regulatory wording.","prefilled_from_site"
"Testoluten","testoluten","","Bioregulator Peptide","bioregulator","","","","","","","","","","","","Testoluten|Bioregulator Peptide|bioregulator","Testoluten","","","","","","","","","","","","","Missing on current site. Needs primary-source research fill.","needs_online_research"
"Threogen","threogen","","Bioregulator Peptide","bioregulator","","","","","","","","","","","","Threogen|Bioregulator Peptide|bioregulator","Threogen","","","","","","","","","","","","","Missing on current site. Needs primary-source research fill.","needs_online_research"
"Thymalin","thymalin","","Bioregulator Peptide","bioregulator","","","","","","","","","","","","Thymalin|Bioregulator Peptide|bioregulator","Thymalin","","","","","","","","","","","","","Missing on current site. Needs primary-source research fill.","needs_online_research"
"Thymogen","thymogen","EW Dipeptide|Glu-Trp","Bioregulator Peptide","bioregulator","Synthetic dipeptide (Glu-Trp) that mimics thymic peptide activity.","Synthetic dipeptide (Glu-Trp) that mimics thymic peptide activity. Modulates T-lymphocyte differentiation and maturation, normalizes immune cell ratios, and supports thymic function. Part of Khavinson's bioregulatory peptide research.","","1â€“10 mg intranasally or injection","Varies by research protocol","Protocol-dependent","Intranasal, intramuscular injection","Intranasal, intramuscular injection","Short (dipeptide)","Research only / status to be verified","Content pending researcher verification","EW Dipeptide|Glu-Trp|Thymogen|Bioregulator Peptide","Thymogen","","","","","","","","","","","","","Prefilled from current site catalog. Review cycle, break, and regulatory wording.","prefilled_from_site"
"Thymosin Alpha-1","thymosin-alpha-1","TÎ±1|Zadaxin|Thymalfasin","Immune Modulation","peptide","28-amino acid thymic peptide that activates dendritic cell maturation via TLR9, promotes T-cell differentiation (Th1 polarization), enhances NK cell cytotoxicity, and modulates inflammatory cytokine balance.","28-amino acid thymic peptide that activates dendritic cell maturation via TLR9, promotes T-cell differentiation (Th1 polarization), enhances NK cell cytotoxicity, and modulates inflammatory cytokine balance. Approved in multiple countries for hepatitis B/C.","","1.6 mg twice weekly","Varies by research protocol","Protocol-dependent","Subcutaneous injection","Subcutaneous injection","~2 hours","Approved / marketed indication noted in source content","Approved","TÎ±1|Zadaxin|Thymalfasin|Thymosin Alpha-1|Immune Modulation","Thymosin Alpha-1","","","","","","","","","","","","","Prefilled from current site catalog. Review cycle, break, and regulatory wording.","prefilled_from_site"
"Tirzepatide","tirzepatide","Mounjaro|Zepbound|LY3298176","Metabolic","peptide","Dual GIP and GLP-1 receptor agonist (twincretin).","Dual GIP and GLP-1 receptor agonist (twincretin). Activates both incretin pathways for synergistic insulin secretion, glucagon suppression, and appetite reduction. Superior weight loss versus GLP-1 mono-agonists in clinical trials.","","2.5â€“15 mg/week","Varies by research protocol","Protocol-dependent","Subcutaneous injection","Subcutaneous injection","~5 days","Research only / status to be verified","Content pending researcher verification","Mounjaro|Zepbound|LY3298176|Tirzepatide|Metabolic","Tirzepatide","","","","","","","","","","","","","Prefilled from current site catalog. Review cycle, break, and regulatory wording.","prefilled_from_site"
"Triptorelin","triptorelin","","Reproductive","peptide","","","","","","","","","","","","Triptorelin|Reproductive|peptide","Triptorelin","","","","","","","","","","","","","Missing on current site. Needs primary-source research fill.","needs_online_research"
"Ventfort","ventfort","","Bioregulator Peptide","bioregulator","","","","","","","","","","","","Ventfort|Bioregulator Peptide|bioregulator","Ventfort","","","","","","","","","","","","","Missing on current site. Needs primary-source research fill.","needs_online_research"
"Vesilut","vesilut","","Bioregulator Peptide","bioregulator","","","","","","","","","","","","Vesilut|Bioregulator Peptide|bioregulator","Vesilut","","","","","","","","","","","","","Missing on current site. Needs primary-source research fill.","needs_online_research"
"Vesugen","vesugen","KED Tripeptide|Lys-Glu-Asp","Bioregulator Peptide","bioregulator","Synthetic tripeptide bioregulator targeting vascular endothelium.","Synthetic tripeptide bioregulator targeting vascular endothelium. Modulates gene expression related to vascular wall integrity, endothelial function, and angiogenesis. Part of Khavinson's organ-specific peptide bioregulation model.","","10â€“20 mcg/day","Varies by research protocol","Protocol-dependent","Oral, sublingual","Oral, sublingual","Short (tripeptide)","Research only / status to be verified","Content pending researcher verification","KED Tripeptide|Lys-Glu-Asp|Vesugen|Bioregulator Peptide","Vesugen","","","","","","","","","","","","","Prefilled from current site catalog. Review cycle, break, and regulatory wording.","prefilled_from_site"
"Viadonix","viadonix","","Bioregulator Peptide","bioregulator","","","","","","","","","","","","Viadonix|Bioregulator Peptide|bioregulator","Viadonix","","","","","","","","","","","","","Missing on current site. Needs primary-source research fill.","needs_online_research"
"Vilon","vilon","KE Dipeptide|Lys-Glu","Bioregulator Peptide","bioregulator","Synthetic dipeptide (Lys-Glu) derived from thymic bioregulators.","Synthetic dipeptide (Lys-Glu) derived from thymic bioregulators. Modulates gene expression related to immune function and cell proliferation, promotes T-lymphocyte differentiation, and supports thymic peptide balance in aging.","","10â€“20 mcg/day","Varies by research protocol","Protocol-dependent","Oral, sublingual","Oral, sublingual","Short (dipeptide)","Research only / status to be verified","Content pending researcher verification","KE Dipeptide|Lys-Glu|Vilon|Bioregulator Peptide","Vilon","","","","","","","","","","","","","Prefilled from current site catalog. Review cycle, break, and regulatory wording.","prefilled_from_site"
"VIP","vip","","Immune Modulation","peptide","","","","","","","","","","","","VIP|Immune Modulation|peptide","VIP","","","","","","","","","","","","","Missing on current site. Needs primary-source research fill.","needs_online_research"
"Zhenoluten","zhenoluten","","Bioregulator Peptide","bioregulator","","","","","","","","","","","","Zhenoluten|Bioregulator Peptide|bioregulator","Zhenoluten","","","","","","","","","","","","","Missing on current site. Needs primary-source research fill.","needs_online_research"
